{"cameraMode":{"drawMode":0,"name":"Shaded","section":"Shading Mode"},"sceneLighting":false,"audioPlay":false,"sceneViewState":{"showFog":true,"showMaterialUpdate":false,"showSkybox":false,"showFlares":true,"showImageEffects":true,"showParticleSystems":true},"in2DMode":false,"pivot":{"x":1.4459999799728394,"y":1.6324999332427979,"z":0.0},"rotation":{"x":-0.017998969182372094,"y":0.0029994940850883724,"z":0.000053998293878976256,"w":0.9998335242271423},"size":0.6226205229759216,"orthographic":true}